./log.txt|0|2020-05-19 13:40:39.731870507 +0200
./testAll.sh|562|2020-05-19 13:39:47.691573707 +0200
./.git/description|73|2020-05-19 13:39:44.811557128 +0200
./.git/logs/refs/remotes/origin/gui|3739|2020-05-19 13:58:49.804799998 +0200
./.git/logs/refs/remotes/origin/HEAD|198|2020-05-19 13:39:47.604906542 +0200
./.git/logs/refs/stash|384|2020-05-19 16:21:13.637879801 +0200
./.git/logs/refs/heads/gui|3601|2020-05-19 13:40:39.751870620 +0200
./.git/logs/refs/heads/master|198|2020-05-19 13:39:47.604906542 +0200
./.git/logs/HEAD|4106|2020-05-19 13:39:47.604906542 +0200
./.git/info/exclude|240|2020-05-19 13:39:44.811557128 +0200
./.git/ORIG_HEAD|41|2020-05-19 23:56:23.590768040 +0200
./.git/refs/remotes/origin/gui|41|2020-05-19 23:56:23.584101348 +0200
./.git/refs/remotes/origin/HEAD|32|2020-05-19 13:39:47.601573190 +0200
./.git/refs/stash|41|2020-05-19 21:10:38.147297270 +0200
./.git/refs/heads/gui|41|2020-05-19 23:56:23.590768040 +0200
./.git/refs/heads/master|41|2020-05-19 13:39:47.604906542 +0200
./.git/packed-refs|445|2020-05-19 13:39:47.601573190 +0200
./.git/COMMIT_EDITMSG|31|2020-05-19 14:48:58.979855121 +0200
./.git/objects/6b/46b89861e1cf316d16c98bddbb1129a64d1bb6|221|2020-05-19 22:41:06.824536372 +0200
./.git/objects/6b/612560a85292db5492f8a8877c8026275dcac4|287|2020-05-19 21:56:11.927011022 +0200
./.git/objects/1c/8f2fe773144d98499cd2696860ced5fedabb20|220|2020-05-19 14:49:14.639904729 +0200
./.git/objects/42/b9a0eb76eb320a4c3a806bbc56fc8bf559b085|545|2020-05-19 14:26:14.506458945 +0200
./.git/objects/42/0278f02d9189f5cbb4415f8a32de17958042b8|182|2020-05-19 17:35:31.289786316 +0200
./.git/objects/23/c45e35981581b0859819228ea82f8519c7879c|301|2020-05-19 16:39:45.215363820 +0200
./.git/objects/23/46d1b8dccdc45ab5709f80a66085e45c918da0|158|2020-05-19 13:58:49.774799933 +0200
./.git/objects/46/e22f9699748bb29bf5058c24791907d4371443|221|2020-05-19 22:55:59.824020828 +0200
./.git/objects/46/182da9533255b4a0c63d137f62535e8458d4f4|302|2020-05-19 22:54:29.813578391 +0200
./.git/objects/46/9dee8cd74ab8a7215e8c31fb24e6769963459e|246|2020-05-19 14:26:14.506458945 +0200
./.git/objects/52/ac296fead75a6ecc1fe94f32c2d7292a5cac56|677|2020-05-19 23:45:56.965067550 +0200
./.git/objects/52/866fc5ef16ac9b04732445fd856ed2eb1d3b8a|303|2020-05-19 22:56:45.077796938 +0200
./.git/objects/9d/e1cc8c1ac8c0717c8f5087159b0298f4a55194|469|2020-05-19 22:41:06.824536372 +0200
./.git/objects/9d/ca3e53586baf0a54d7b19815d3a79374888b8a|302|2020-05-19 14:26:14.506458945 +0200
./.git/objects/f2/5ce313a8b7f9d6f03c6fc2e4acfc06d2f32357|150|2020-05-19 14:26:14.503125609 +0200
./.git/objects/85/83c9f42701ab10cd61e167006e1482189b30e7|244|2020-05-19 23:45:56.955067514 +0200
./.git/objects/38/3e14bf65cdc0fa4bb864311cc8920626e35053|3537|2020-05-19 16:21:13.547879497 +0200
./.git/objects/34/b50ba16bc32d67f85ef3a66352a774c2954dda|173|2020-05-19 17:35:31.286452968 +0200
./.git/objects/b0/fd08feb6bbab822c4091a9fdb2e17697284efa|221|2020-05-19 22:56:45.074463573 +0200
./.git/objects/fe/09bdbc719813b76490d0eec6d0a874ed8c71e6|302|2020-05-19 13:58:49.774799933 +0200
./.git/objects/b8/fa32b86fb994244ccc5076a5cc1b43e8e8dac9|302|2020-05-19 21:11:38.730842507 +0200
./.git/objects/b8/b75bff46b3f3a48140c0555fd15360699267a1|301|2020-05-19 23:56:23.577434656 +0200
./.git/objects/6a/59f94896e5af66d687be24582f24ac77687fb3|3049|2020-05-19 13:58:49.778133274 +0200
./.git/objects/87/8d999a947fa52f82c5789664d0e0e1b9d3057c|3061|2020-05-19 23:43:27.317870178 +0200
./.git/objects/f8/ca8d63e0106d8e0f018eda059651d49f905d0f|212|2020-05-19 16:21:13.547879497 +0200
./.git/objects/56/3525060cf7766162d74c88896415c9de0b6df1|362|2020-05-19 13:58:49.784799955 +0200
./.git/objects/dd/39e2e36b924ae76574dcb6e21a8dd01d101299|216|2020-05-19 16:21:13.547879497 +0200
./.git/objects/ff/d5c3fc4a5d70baad0a187c5be65d80303f806f|2248|2020-05-19 14:48:58.946521682 +0200
./.git/objects/49/1b53d57fbc17d275c20712debbedd4307fd542|3588|2020-05-19 17:35:31.276452921 +0200
./.git/objects/ec/27e2aa9fb28b17df60b73e13173b3961fc2089|221|2020-05-19 23:45:56.968400895 +0200
./.git/objects/63/3ca047b72f2bead20f4cec7c2d89970b15589a|403|2020-05-19 17:35:31.286452968 +0200
./.git/objects/c1/3b91c86c439c283c1010333fb7df93f97f865b|14426|2020-05-19 13:58:49.781466614 +0200
./.git/objects/5a/e29e0a016c171721bd85cf05f5f739c01f9344|244|2020-05-19 23:43:27.317870178 +0200
./.git/objects/0d/ddce9e8a561fda29a939f50417937507650453|173|2020-05-19 22:41:06.834536399 +0200
./.git/objects/99/49d607b2b543fde86237c0622602394d146ce4|138|2020-05-19 23:45:56.971734241 +0200
./.git/objects/99/3112363fb7aee2cbfb43dd7c001e9d8f189fb4|576|2020-05-19 21:10:38.140630580 +0200
./.git/objects/c9/71d2a6bb269c56d417c7e5ef1b063fff25051e|303|2020-05-19 22:46:09.688726200 +0200
./.git/objects/f5/d632aef2e546ff437ded7553b9f7419766d28e|179|2020-05-19 14:49:14.249903492 +0200
./.git/objects/a4/cd2ea89f7aa8a2167508fe2bcd9c64a5a96653|200|2020-05-19 14:48:58.979855121 +0200
./.git/objects/a4/ac84fffd03155971318cd4b7c621becf1661f6|403|2020-05-19 21:11:38.730842507 +0200
./.git/objects/3f/6e1edf6f8d96b8ce56b3f3faa05779166ba23a|138|2020-05-19 22:41:06.831203057 +0200
./.git/objects/7c/45a03f86470e354708db0f229da84b4d2597f7|611|2020-05-19 13:58:49.791466636 +0200
./.git/objects/2b/79397574db16c2bedbbe4453e5952ac9a94840|245|2020-05-19 21:11:38.730842507 +0200
./.git/objects/e2/f96d722551b02f30b9efc78d836549d0c98f66|179|2020-05-19 16:21:13.551212842 +0200
./.git/objects/e2/8d2d1a375bae9ba5a65fa1561e0a46b229cfba|221|2020-05-19 22:54:29.813578391 +0200
./.git/objects/pack/pack-ffc87a9e696cd3043c05c66f13d4fc42eb3d3796.pack|16893467|2020-05-19 13:39:46.038230859 +0200
./.git/objects/pack/pack-ffc87a9e696cd3043c05c66f13d4fc42eb3d3796.idx|64212|2020-05-19 13:39:47.518239376 +0200
./.git/objects/7d/3e0657931c79ef4ddcc03700daf6194c05430c|203|2020-05-19 22:41:06.787869607 +0200
./.git/objects/ea/fc051c2c09c556f1105a2d6a813d03ddc0127e|403|2020-05-19 23:45:56.955067514 +0200
./.git/objects/71/841545ce38f065d9dc7e0189e413711771add8|138|2020-05-19 22:41:06.847869768 +0200
./.git/objects/8d/b45d0d455a2788a922fefa9251acd6ade7b4e5|221|2020-05-19 23:43:27.324536867 +0200
./.git/objects/8d/649a6108445c24ea1428ec8273a70bab583176|402|2020-05-19 22:41:06.837869742 +0200
./.git/objects/45/b4fb06562ac2c0af612ddf72afa5978488fd2f|157|2020-05-19 21:11:38.730842507 +0200
./.git/objects/41/9fd0c2dc6125a0983d20b411dcbfec061ccc5f|302|2020-05-19 14:49:14.249903492 +0200
./.git/objects/12/dbd6ff458901bbae0fecbaa75fe2ce7fba0d2e|225|2020-05-19 16:21:13.637879801 +0200
./.git/objects/12/46993161515f42821f467b9ac1449046782d5e|236|2020-05-19 22:41:06.787869607 +0200
./.git/objects/c6/b71cb6d548796c307d1bca54af9bcc866452e0|138|2020-05-19 21:56:11.947011103 +0200
./.git/objects/c6/c12cb1063cd16298c0ef70a9453a5cf6b3172e|301|2020-05-19 21:56:11.947011103 +0200
./.git/objects/c6/b846ba7d123c3623bd0b2150d8d849cd1026ed|302|2020-05-19 15:19:55.159208969 +0200
./.git/objects/c6/a30e5da2d3d29b9eda592aa70c56fd8877ce8d|402|2020-05-19 22:54:29.813578391 +0200
./.git/objects/c4/61aa31ad9d741c6372e69401cea5fb2bb165b0|403|2020-05-19 13:58:49.774799933 +0200
./.git/objects/c4/4931f56b9ff06564307a6e4ed07d0101804649|561|2020-05-19 21:56:11.927011022 +0200
./.git/objects/93/091e815313ea69edb12b70d1709f3c0823de14|165|2020-05-19 22:41:06.787869607 +0200
./.git/objects/de/665b3345255408909ca2a0a33037df196f1c1e|244|2020-05-19 22:41:06.797869633 +0200
./.git/objects/3d/05b612edad8fa4afd127b207f5b63a65d44959|214|2020-05-19 23:45:56.945067478 +0200
./.git/objects/cf/6e4bfaf3abb1ef4d9baa81e6049801551eaa90|221|2020-05-19 22:41:06.824536372 +0200
./.git/objects/9a/e903dcf1808ef857b3781e49b97958574b1539|1534|2020-05-19 23:45:56.958400859 +0200
./.git/objects/9a/4d8fa5bad0cb4396b205332f58ae1b65dd7e3c|3042|2020-05-19 14:48:58.949855026 +0200
./.git/objects/bb/eb3406bf4034d99489d042a62a1008f78cba0e|138|2020-05-19 23:45:56.958400859 +0200
./.git/objects/bb/d96c53a9142b03f2243a33b1f470019bd61809|403|2020-05-19 14:26:14.506458945 +0200
./.git/objects/ab/943bec086731c544baa7e49c668285d783d657|676|2020-05-19 23:56:23.577434656 +0200
./.git/objects/77/532b6d8dc8dcfd265017264c36941e7ce5fce7|549|2020-05-19 21:11:38.730842507 +0200
./.git/objects/84/d20b73b16fe87460a8e370e0564c3ed11f6d89|244|2020-05-19 22:41:06.797869633 +0200
./.git/objects/84/235b1fe78d610708c606bf1d8179225c406403|158|2020-05-19 23:45:56.948400823 +0200
./.git/objects/84/2f90ee82d009239637180fc5d2b77e88809308|363|2020-05-19 14:49:14.249903492 +0200
./.git/objects/f4/d1c3828d41047b331d026df466238667b23633|1057|2020-05-19 22:41:06.817869687 +0200
./.git/objects/b6/62dcb57f1f674e1f58148af64f79b06fc3dcbb|3540|2020-05-19 15:19:55.159208969 +0200
./.git/objects/b6/9b4ff7b4c280e31bbff66480b1f7b186e56981|171|2020-05-19 22:41:06.787869607 +0200
./.git/objects/81/9d8351e3939bc2f2ee88287bea933188dc0fb7|504|2020-05-19 16:21:13.634546456 +0200
./.git/objects/e9/c6f15860b83e3f9d71c7c68e8be29e00d62e94|174|2020-05-19 16:39:45.218697182 +0200
./.git/objects/e9/83d36ec1d364e0659751924a1c2a18ff94580b|403|2020-05-19 15:19:55.159208969 +0200
./.git/objects/e9/2c65984cb2743387de2a10ffebc77ec2d77bb4|138|2020-05-19 22:41:06.811203003 +0200
./.git/objects/1e/5bf1531696017def3310ce6c9429857e65fa15|403|2020-05-19 17:58:48.346331686 +0200
./.git/objects/1e/9f59dd6749210ceebe3bc87cd64712cced3152|245|2020-05-19 14:26:14.506458945 +0200
./.git/objects/1e/25f96c2834d73df8cf6057d10798b1ac58cb8f|403|2020-05-19 16:39:45.215363820 +0200
./.git/objects/1e/e6f2c27309e64e210b3c5b42c595fd0cb5f0b6|302|2020-05-19 23:45:56.971734241 +0200
./.git/objects/b3/2275de580a7d1dc57d275d9f5dcd2ca7773ecc|302|2020-05-19 22:41:06.834536399 +0200
./.git/objects/e0/814d62ee2c9ac46ac822866a565b8d8459dc80|194|2020-05-19 23:43:27.314536833 +0200
./.git/objects/e0/6837784d1d9f51e659347925806de3341be297|3055|2020-05-19 22:46:09.688726200 +0200
./.git/objects/5d/3647cf4681fb256876a1a130f7ce9dd90cd855|3530|2020-05-19 15:19:55.162542317 +0200
./.git/objects/2e/8a81198dca824052d50de107ab052a5e9a164a|218|2020-05-19 21:10:38.147297270 +0200
./.git/objects/2e/87a3ddf6625997033c7f5fca8d7e79edc75fff|3797|2020-05-19 22:41:06.811203003 +0200
./.git/objects/07/803d8b66d27f352ef5b6b7dbdd3fb28a041561|220|2020-05-19 15:19:55.159208969 +0200
./.git/objects/69/28c70d5b79c7c6b08c50e33b61aee54afab2b2|326|2020-05-19 21:11:38.737509197 +0200
./.git/objects/83/443764727ffa8b19e06fdbfd78925e3aecbf6b|3062|2020-05-19 22:41:06.807869661 +0200
./.git/objects/cb/e09ebb53ccb8bf06d454a95ececf65d3f17f34|173|2020-05-19 23:56:23.577434656 +0200
./.git/objects/f9/cfeec7a75e261481eec22792bfbc0d17a80961|302|2020-05-19 22:41:06.837869742 +0200
./.git/objects/04/c6d8b2e482e8b33e4148f6f9c4c3e2ad074d4b|403|2020-05-19 16:21:13.547879497 +0200
./.git/objects/9b/84550c61561c65f0d3ee41e765f5b3f01a5335|302|2020-05-19 14:48:58.976521777 +0200
./.git/objects/9b/1a1e8f24dee75ca49ab35faefa7008c7dde0ac|403|2020-05-19 23:50:31.832751152 +0200
./.git/objects/8a/2e5c7ad47ae3d261dca8170aef68c89a387ca8|216|2020-05-19 22:55:59.820687461 +0200
./.git/objects/bd/6a1a2f2335206ab6eb156cbec49c501900096e|303|2020-05-19 22:41:06.837869742 +0200
./.git/objects/33/3a005c70ae91136323c7fc142f08d52aa19ba5|179|2020-05-19 23:45:56.975067586 +0200
./.git/objects/33/671dfd042099e27f23cf7e6030196b6c976235|3507|2020-05-19 14:48:58.953188370 +0200
./.git/objects/33/327a9b7f6c716ac83b72d36b448e3d37c99a41|2970|2020-05-19 21:10:38.140630580 +0200
./.git/objects/2d/7c012b074055a60326d86de3a9bed82382351e|1451|2020-05-19 22:41:06.831203057 +0200
./.git/objects/2d/981f60ee83c262cad18c3ba725f2846dec5201|403|2020-05-19 22:41:06.834536399 +0200
./.git/objects/a0/b25a4a2e3aba7b3de0fa4a9e8e84fdf8d4bfdf|1550|2020-05-19 17:58:48.336331700 +0200
./.git/objects/a0/812cbfd2dcedd0e95865ea9c537ed9121fc4e2|302|2020-05-19 17:35:31.286452968 +0200
./.git/objects/78/8628923919516eda3a73909651060177065217|2986|2020-05-19 22:41:06.837869742 +0200
./.git/objects/78/f8a841171a57f2a92a8620cf2dfe8dcc59c560|303|2020-05-19 22:55:59.824020828 +0200
./.git/objects/58/9ef365cd88d509f28d27855d4301e3f288b833|221|2020-05-19 22:55:59.827354195 +0200
./.git/objects/80/2c4f90aa26ee393c5fa786a97e5ed15acd0e24|245|2020-05-19 21:56:11.947011103 +0200
./.git/objects/b5/464604025610f7e78bf91cadba86d99bfc27ef|302|2020-05-19 22:55:59.824020828 +0200
./.git/objects/da/4f1db949b0bf441e09477e4f52ea2ad6eaae40|301|2020-05-19 23:45:56.955067514 +0200
./.git/objects/da/8d1171bcf3cf206b3a398383b7dde877e01a1e|403|2020-05-19 14:26:14.506458945 +0200
./.git/objects/82/e2a7877fc3d27fd984ae04b616221b09fcab02|403|2020-05-19 22:56:45.077796938 +0200
./.git/objects/82/3d758d40900978204d46632ab225a33029babd|1531|2020-05-19 23:43:27.321203522 +0200
./.git/objects/82/b533306f1a1fb3f7f546d1a1cfca8773371334|926|2020-05-19 23:43:27.324536867 +0200
./.git/objects/09/5b928ade5c4186fc0be3c8d925a903d2f079bf|404|2020-05-19 21:10:38.133963890 +0200
./.git/objects/ca/c30670ee1a491592fc123d639df027c88b8985|402|2020-05-19 21:56:11.947011103 +0200
./.git/objects/ca/db5becfed703b938a60fe499353a8ecf853f73|139|2020-05-19 17:58:48.346331686 +0200
./.git/objects/dc/da65a9c852774b4b6ec8b4edcaa54586cad996|403|2020-05-19 23:56:23.577434656 +0200
./.git/objects/dc/6c4824c812a326aa0186128b3f5330ce8a65cb|403|2020-05-19 22:55:59.820687461 +0200
./.git/objects/dc/1b94cef8eaf292d1d57ea234ce3ea54e87f7d7|659|2020-05-19 14:49:14.253236837 +0200
./.git/objects/26/82dd0ebd6adee237d30d73121529d40526b771|176|2020-05-19 22:54:29.813578391 +0200
./.git/objects/1b/52556c46d49b22973bd7005a909448a22d206d|173|2020-05-19 21:56:11.947011103 +0200
./.git/objects/1b/c66c0cb14f9564853543de9fefce0f6d2ca178|179|2020-05-19 22:56:45.074463573 +0200
./.git/objects/4b/733d3b1bced9a64b721c334610722623471924|220|2020-05-19 16:21:13.547879497 +0200
./.git/objects/8f/6260880c20472ec972b30761845d98009fd41b|403|2020-05-19 14:48:58.976521777 +0200
./.git/objects/86/8b5cf7d8bbc57a066a46d196159adbf2227794|302|2020-05-19 17:58:48.346331686 +0200
./.git/objects/86/c7a93896e32cbdd0fe30dcc3781cf55b26b487|244|2020-05-19 22:46:09.688726200 +0200
./.git/objects/86/fd224c9652e9a15f63f3cab5f1bdb0d57bf812|173|2020-05-19 14:48:58.976521777 +0200
./.git/objects/a7/f9d92c52842562b1ab837aa8861b43b60fc7cf|403|2020-05-19 22:55:59.824020828 +0200
./.git/objects/1d/a36a0b8d0278e60335e340e6b19a4f2c204aa9|908|2020-05-19 22:55:59.824020828 +0200
./.git/objects/1d/4154ade2bde9b8aa65584262bccb24cda9ccd7|362|2020-05-19 22:41:06.814536345 +0200
./.git/objects/1d/d01b4e1e3bb1f0d03b366745dcd7cbc510c540|403|2020-05-19 23:43:27.314536833 +0200
./.git/objects/e6/179f3e3262aed3174f102d8b0b6681f1bd7590|3082|2020-05-19 21:11:38.730842507 +0200
./.git/objects/37/82b6ee49744437da9307e6716b65c44f6e2258|3040|2020-05-19 14:26:14.506458945 +0200
./.git/objects/74/0bf96d82f50628423173603637fa213404943f|1060|2020-05-19 22:41:06.807869661 +0200
./.git/objects/74/3a424d99e28ce6a4a21e127eab61dec40eb1e3|402|2020-05-19 14:49:14.249903492 +0200
./.git/objects/b7/f6ce54d74939c2dcd84f3e1344c108ab721984|173|2020-05-19 22:41:06.794536291 +0200
./.git/objects/b7/1da890636e69c0d640c2a519b1eae9aa2796bb|557|2020-05-19 16:21:13.787880307 +0200
./.git/objects/5c/83ce03b68ec5325992ebfcd5c0c2af8618d604|403|2020-05-19 23:45:56.971734241 +0200
./.git/objects/16/215a04ca75e0f8878364e17233a836d3329e29|3065|2020-05-19 23:45:56.955067514 +0200
./.git/objects/16/e06fcf91dff25696f85de2ab5d03213b0a1ed9|2160|2020-05-19 22:56:45.011129635 +0200
./.git/objects/fa/eb46d968efebb7f14926683c41b1ee5b7a5715|1553|2020-05-19 23:45:56.975067586 +0200
./.git/objects/4c/4c366e45001433b8a2379b7621c9c12d7e8abf|220|2020-05-19 14:48:58.976521777 +0200
./.git/objects/ed/f249183af81383e488459aa9c5586af5650134|302|2020-05-19 14:26:14.506458945 +0200
./.git/objects/be/3577f664e442edd5a1b36c76231a43389d4d77|221|2020-05-19 15:19:55.162542317 +0200
./.git/objects/be/c187b70f5a04521d720454a826ff5d5ae2c9b8|302|2020-05-19 16:21:13.551212842 +0200
./.git/objects/64/7ade52164da303874e4fbd4c2a3a388b5949ba|546|2020-05-19 22:41:06.807869661 +0200
./.git/objects/98/0cc5033bcfaf42da35f9caa5819e13ad47fbc2|2177|2020-05-19 23:45:56.971734241 +0200
./.git/objects/d9/4ff88879056dd414491bfcc92c81447c7a0bf7|244|2020-05-19 22:41:06.837869742 +0200
./.git/objects/d9/e1105234710059d91f63fb19e32377da6e8407|179|2020-05-19 23:45:56.968400895 +0200
./.git/objects/00/d3d50c52e4c1b9ef3a85b330f587601dd611b4|3937|2020-05-19 14:48:58.949855026 +0200
./.git/objects/62/477fbd5ac3ba62a46be05b8ccf036c076fc727|403|2020-05-19 22:46:09.688726200 +0200
./.git/objects/62/fbcd0bd23c939d07898576dd080c7d6661d44d|676|2020-05-19 22:56:45.011129635 +0200
./.git/objects/4e/8b5a629d51bdc9855b2e5f88f8b320708f97e7|3030|2020-05-19 22:41:06.804536318 +0200
./.git/objects/72/a1a9bb4da09faea5dad1cf6466cac0df084456|2269|2020-05-19 17:35:31.276452921 +0200
./.git/objects/b4/af4b3e32a44d0a71803b4fae5679d6d6b24401|221|2020-05-19 23:45:56.975067586 +0200
./.git/objects/10/b85f74fbfeeb6ae1256f12c3c9b6826c76ff87|2091|2020-05-19 22:41:06.797869633 +0200
./.git/objects/10/0b99b84ff09b1524e5a2efe8ec61cfb776738e|3406|2020-05-19 22:54:29.816911734 +0200
./.git/objects/7b/44ce3e38d29909c3e8e654189b8a98f1110791|363|2020-05-19 16:21:13.634546456 +0200
./.git/objects/94/ab9075fa835f319d0e3a79081d1ec9df564759|3470|2020-05-19 22:41:06.827869715 +0200
./.git/objects/5b/ef5d543dcd94f8b33196f8d9b178129177dcc7|303|2020-05-19 15:19:55.162542317 +0200
./.git/objects/5b/6a95e41ae5acc903ced3bc56b81ba94bbccf24|363|2020-05-19 16:39:45.215363820 +0200
./.git/objects/9e/ce3bc9f19affc432a8577ec115a728a38c0503|613|2020-05-19 22:41:06.817869687 +0200
./.git/objects/7e/108b326c2c4a289ed0311022a7fe00e9f1a564|403|2020-05-19 22:41:06.791202949 +0200
./.git/objects/a1/619c5e11db0196995304369a1d73ec7d2f9219|3072|2020-05-19 23:50:31.832751152 +0200
./.git/objects/fb/52f9a68d629c6c5f49dbbbd90ef6a121fe2f33|3135|2020-05-19 21:56:11.927011022 +0200
./.git/objects/fb/205d1e8d8aae71ea02320922a50d2710274ee8|221|2020-05-19 17:35:31.286452968 +0200
./.git/objects/fb/1551a53473c6576c6af5f66aa55ab977aa6a6e|301|2020-05-19 23:50:31.832751152 +0200
./.git/objects/fb/e8503421e02637a39779f35cd550112bb11c27|669|2020-05-19 16:39:45.205363732 +0200
./.git/objects/e4/ecd3e9049ba90b6408997284c0f1646003ef72|1885|2020-05-19 13:58:49.778133274 +0200
./.git/objects/e4/04a3b1e219ee2b62c21921c150d33ddaea0698|403|2020-05-19 15:19:55.155875622 +0200
./.git/objects/60/1f55f817fcd945f171326e85b561ca0d525950|178|2020-05-19 22:56:45.077796938 +0200
./.git/objects/d2/59417a7bc4a8a687db5011b092dfb2c2caf0a5|210|2020-05-19 16:21:13.634546456 +0200
./.git/objects/3c/0931fa3e5ad7bedca647407477b8014987a4eb|873|2020-05-19 22:41:06.831203057 +0200
./.git/objects/c0/db3b42e896be9b2f19aaf22076fe1f0fca35cf|3040|2020-05-19 14:26:14.506458945 +0200
./.git/objects/c0/6def6f87fa31bd4ae2b5633511a7065aed709e|848|2020-05-19 16:21:13.551212842 +0200
./.git/objects/c2/c94f08aba3230a7899cfce576d1a9036e8b65a|303|2020-05-19 23:43:27.314536833 +0200
./.git/objects/28/fae2ea52dc73b19ae05e8e8445472b2f913c1f|3468|2020-05-19 22:41:06.827869715 +0200
./.git/objects/b9/661983aa2bdfa5f7ded583fb7475c4e23a2675|500|2020-05-19 22:56:45.011129635 +0200
./.git/objects/4d/87667836276a239110ba29777181479d4eb7ae|245|2020-05-19 14:48:58.976521777 +0200
./.git/objects/0f/c3db916de56bf5117f7dea373ac6879ef4d1b6|244|2020-05-19 23:45:56.971734241 +0200
./.git/objects/1a/f3dd7d8d742681b44dc7ab4dfe976733a20c6b|592|2020-05-19 22:41:06.814536345 +0200
./.git/objects/aa/05133953bf1affe12d90408ba747b8d5f9b467|244|2020-05-19 22:41:06.837869742 +0200
./.git/objects/aa/0f0e0f7d8fc30a8d2a8f15295993d1ebc2e6f1|245|2020-05-19 21:10:38.147297270 +0200
./.git/objects/aa/a255d6e5fdb194e11555cce1cd5573b4db1797|302|2020-05-19 22:41:06.794536291 +0200
./.git/objects/cd/bc279d58524a7a9472c499c49189131f30db34|302|2020-05-19 22:41:06.791202949 +0200
./.git/objects/67/8fb7be515ff32d8b1cddd40f0d355c8d375e17|177|2020-05-19 17:58:48.349665015 +0200
./.git/objects/ee/9ffe414f96f13817a022aeba90876a44a67c6d|403|2020-05-19 22:41:06.791202949 +0200
./.git/objects/ee/bcc6a85c7cdadfa54433522f39631dbf4e243b|404|2020-05-19 21:10:38.147297270 +0200
./.git/objects/0a/f1ede87d3328f91d031d02585aa184e4668a77|54|2020-05-19 21:11:38.734175852 +0200
./.git/objects/fc/ee7de3932f5883013918153ebac49dc1544702|236|2020-05-19 15:19:55.155875622 +0200
./.git/objects/fc/4f21295e4fd87d3c3f59cd6c653261798e261b|403|2020-05-19 16:21:13.551212842 +0200
./.git/objects/1f/f2d3b58419ebcbd5ca8658802da508af680efa|3420|2020-05-19 23:45:56.968400895 +0200
./.git/objects/59/0bdae8c31af7c7bf4cac0e892cfa01fc79d20b|303|2020-05-19 21:10:38.147297270 +0200
./.git/objects/59/ae9a180514115d9cbabe2597553a3919c20667|403|2020-05-19 16:21:13.637879801 +0200
./.git/objects/55/06c741307546a055be5529cd89d4cbb84180a4|3844|2020-05-19 22:41:06.811203003 +0200
./.git/objects/55/fb5e59ca5690e0db156dc0ec1c34e9d0132bf9|302|2020-05-19 14:49:14.616571322 +0200
./.git/objects/9c/641eaab0b12d63b94de243accf1cd895696f86|1540|2020-05-19 17:35:31.276452921 +0200
./.git/objects/2f/7deeade3183a48c3edec6e71d9b544c738aa07|286|2020-05-19 16:21:13.634546456 +0200
./.git/objects/2f/b267b6733fa48d805287de64b76eb3c9c9c252|403|2020-05-19 22:41:06.837869742 +0200
./.git/objects/2f/6d7788ada0574c270397521059e518bfe18492|138|2020-05-19 14:48:58.976521777 +0200
./.git/objects/2f/484933909452dc757599c13b033bbe8acbd61d|216|2020-05-19 16:21:13.631213112 +0200
./.git/objects/f3/63fc9a316a496c0be724fb8df46adedbcc99b1|171|2020-05-19 15:19:55.155875622 +0200
./.git/objects/25/811501955a1063543a7aca834bd46dbf60fd30|363|2020-05-19 16:21:13.547879497 +0200
./.git/objects/25/25c0b124f9966092539507748f11d376b850f2|3071|2020-05-19 23:45:56.955067514 +0200
./.git/objects/79/41f1c3ab796aac72f071d243e54784b179e9dd|162|2020-05-19 23:50:31.832751152 +0200
./.git/objects/79/b8d51dff381459209107d27101f5b266fa98a4|2275|2020-05-19 21:56:11.923677675 +0200
./.git/objects/ae/429d905b55be7b06960a350eb3ab12e6ea103a|403|2020-05-19 14:49:14.616571322 +0200
./.git/objects/53/021695df914cfdfa488d57a726f10073d8ec95|166|2020-05-19 22:41:06.791202949 +0200
./.git/objects/53/42fbb5b245fac972edc2ec99711146d3df67d5|2125|2020-05-19 22:41:06.794536291 +0200
./.git/objects/27/db7617f740fedfba4228067411e03d7d19bd12|362|2020-05-19 23:56:23.577434656 +0200
./.git/objects/f7/f23ec82acdd7654743f438998df9c7ce3cd67e|137|2020-05-19 23:43:27.317870178 +0200
./.git/objects/19/bfa1572faebc2412038d788603fe9b5ed0c200|172|2020-05-19 22:55:59.820687461 +0200
./.git/objects/40/dda60812e9e901951ae1725029ba91816aa5a8|190|2020-05-19 21:10:38.133963890 +0200
./.git/objects/fd/94130053fcef9a94f281675bad18d92fed3c04|301|2020-05-19 16:21:13.547879497 +0200
./.git/objects/bc/0742fcab2b91ab5a9fc44caf0948914a6f2248|245|2020-05-19 13:58:49.774799933 +0200
./.git/objects/e7/4ec4e8732677380e68a92b8395de13b064ef9e|244|2020-05-19 23:50:31.832751152 +0200
./.git/objects/f6/9dc85fbcda6acd44b9191fef7b41d4644c4269|3041|2020-05-19 22:41:06.804536318 +0200
./.git/objects/ac/91fda8a4a34e1554e02afbd4b2a692013dca97|469|2020-05-19 16:21:13.547879497 +0200
./.git/objects/97/fe1e8ecaf27d76a51b8bba3498b2865ff52878|168|2020-05-19 22:46:09.688726200 +0200
./.git/objects/29/d3c7d7157a70196fa178775dc1cc30e1725fb9|362|2020-05-19 23:45:56.961734205 +0200
./.git/objects/29/5024680c37ee185062cf3a24790826d27ae0e4|162|2020-05-19 14:26:14.503125609 +0200
./.git/objects/8e/3837afb12a3d29a00df85fb168b6f2d966b82f|2157|2020-05-19 23:45:56.975067586 +0200
./.git/objects/8e/6c83c5c0e139214c67da7c43730f3ad886177b|303|2020-05-19 16:21:13.637879801 +0200
./.git/objects/20/ee4e5f6e90b58dc5ef9eb77f1d242c6a1680de|167|2020-05-19 21:56:11.947011103 +0200
./.git/objects/2a/3f50cc2a739c8eb3673196bf808ada5909e49a|138|2020-05-19 17:35:31.286452968 +0200
./.git/HEAD|20|2020-05-19 13:40:39.751870620 +0200
./.git/index|16839|2020-05-19 23:56:23.590768040 +0200
./.git/hooks/prepare-commit-msg.sample|1492|2020-05-19 13:39:44.804890423 +0200
./.git/hooks/pre-rebase.sample|4898|2020-05-19 13:39:44.808223776 +0200
./.git/hooks/post-update.sample|189|2020-05-19 13:39:44.808223776 +0200
./.git/hooks/pre-applypatch.sample|424|2020-05-19 13:39:44.808223776 +0200
./.git/hooks/fsmonitor-watchman.sample|3079|2020-05-19 13:39:44.808223776 +0200
./.git/hooks/pre-receive.sample|544|2020-05-19 13:39:44.808223776 +0200
./.git/hooks/pre-commit.sample|1638|2020-05-19 13:39:44.811557128 +0200
./.git/hooks/applypatch-msg.sample|478|2020-05-19 13:39:44.808223776 +0200
./.git/hooks/pre-merge-commit.sample|416|2020-05-19 13:39:44.808223776 +0200
./.git/hooks/pre-push.sample|1348|2020-05-19 13:39:44.808223776 +0200
./.git/hooks/update.sample|3610|2020-05-19 13:39:44.808223776 +0200
./.git/hooks/commit-msg.sample|896|2020-05-19 13:39:44.808223776 +0200
./.git/config|330|2020-05-19 13:40:39.751870620 +0200
./.git/FETCH_HEAD|465|2020-05-19 13:58:48.831464561 +0200
./README.md|719|2020-05-19 13:39:47.611573247 +0200
./.project|339|2020-05-19 13:39:47.611573247 +0200
./clitestfiles/input/test_09IN.txt|70|2020-05-19 13:39:47.681573650 +0200
./clitestfiles/input/test_08IN.txt|80|2020-05-19 13:39:47.681573650 +0200
./clitestfiles/input/test_04IN.txt|187|2020-05-19 13:39:47.681573650 +0200
./clitestfiles/input/test_13IN.txt|101|2020-05-19 13:39:47.681573650 +0200
./clitestfiles/input/test_03IN.txt|127|2020-05-19 13:39:47.681573650 +0200
./clitestfiles/input/test_07IN.txt|144|2020-05-19 13:39:47.681573650 +0200
./clitestfiles/input/test_06IN.txt|103|2020-05-19 13:39:47.681573650 +0200
./clitestfiles/input/test_10IN.txt|249|2020-05-19 13:39:47.681573650 +0200
./clitestfiles/input/test_02IN.txt|164|2020-05-19 13:39:47.681573650 +0200
./clitestfiles/input/test_01IN.txt|124|2020-05-19 13:39:47.681573650 +0200
./clitestfiles/input/test_12IN.txt|413|2020-05-19 13:39:47.681573650 +0200
./clitestfiles/input/test_05IN.txt|101|2020-05-19 13:39:47.681573650 +0200
./clitestfiles/input/test_11IN.txt|146|2020-05-19 13:39:47.681573650 +0200
./clitestfiles/required/test_08OUT.txt|1189|2020-05-19 13:39:47.684907002 +0200
./clitestfiles/required/test_09OUT.txt|901|2020-05-19 13:39:47.684907002 +0200
./clitestfiles/required/test_07OUT.txt|3483|2020-05-19 13:39:47.684907002 +0200
./clitestfiles/required/test_11OUT.txt|3039|2020-05-19 13:39:47.684907002 +0200
./clitestfiles/required/test_13OUT.txt|2590|2020-05-19 13:39:47.684907002 +0200
./clitestfiles/required/test_03OUT.txt|2806|2020-05-19 13:39:47.684907002 +0200
./clitestfiles/required/test_06OUT.txt|1458|2020-05-19 13:39:47.684907002 +0200
./clitestfiles/required/test_02OUT.txt|2667|2020-05-19 13:39:47.681573650 +0200
./clitestfiles/required/test_04OUT.txt|2554|2020-05-19 13:39:47.684907002 +0200
./clitestfiles/required/test_05OUT.txt|1419|2020-05-19 13:39:47.684907002 +0200
./clitestfiles/required/test_01OUT.txt|1963|2020-05-19 13:39:47.681573650 +0200
./clitestfiles/required/test_12OUT.txt|10346|2020-05-19 13:39:47.684907002 +0200
./clitestfiles/required/test_10OUT.txt|6405|2020-05-19 13:39:47.684907002 +0200
./.attach_pid6326|0|2020-05-19 13:39:47.611573247 +0200
./out.csv|24576|2020-05-19 23:56:49.820870137 +0200
./src/GlobalControllers/PositionLUT.java|15920|2020-05-19 22:41:10.704546858 +0200
./src/GlobalControllers/RoundController.java|4183|2020-05-19 23:45:57.368402340 +0200
./src/GlobalControllers/GameEndCause.java|511|2020-05-19 13:40:39.748537268 +0200
./src/GUI/InGame.java|1231|2020-05-19 22:41:10.704546858 +0200
./src/GUI/Menu.java|3397|2020-05-19 22:41:10.704546858 +0200
./src/GUI/Size.java|265|2020-05-19 13:40:39.748537268 +0200
./src/GUI/DrawingGUI.java|889|2020-05-19 13:40:39.731870507 +0200
./src/GUI/GamePanel.java|12817|2020-05-19 23:50:31.996085102 +0200
./src/GUI/Pack/ropeF.png|21237|2020-05-19 13:40:39.745203916 +0200
./src/GUI/Pack/signalflarePart2F.png|14808|2020-05-19 13:40:39.745203916 +0200
./src/GUI/Pack/signalflarePart1T.png|7882|2020-05-19 13:40:39.745203916 +0200
./src/GUI/Pack/snow.png|15345|2020-05-19 13:40:39.745203916 +0200
./src/GUI/Pack/R-3-a.png|41112|2020-05-19 13:40:39.738537212 +0200
./src/GUI/Pack/E-0-a.png|35356|2020-05-19 13:40:39.731870507 +0200
./src/GUI/Pack/clearSnow.png|14946|2020-05-19 13:40:39.741870563 +0200
./src/GUI/Pack/E-0.png|26374|2020-05-19 13:40:39.731870507 +0200
./src/GUI/Pack/meat.png|2312|2020-05-19 13:40:39.745203916 +0200
./src/GUI/Pack/signalflarePart2.png|11060|2020-05-19 13:40:39.745203916 +0200
./src/GUI/Pack/warning.png|16628|2020-05-19 13:40:39.748537268 +0200
./src/GUI/Pack/signalflarePart1F.png|9401|2020-05-19 13:40:39.745203916 +0200
./src/GUI/Pack/tileNoSnow.png|1103|2020-05-19 13:40:39.748537268 +0200
./src/GUI/Pack/tent.png|12701|2020-05-19 13:40:39.748537268 +0200
./src/GUI/Pack/tileWater.png|1093|2020-05-19 13:40:39.748537268 +0200
./src/GUI/Pack/R-2-a.png|41395|2020-05-19 13:40:39.738537212 +0200
./src/GUI/Pack/passRound.png|6204|2020-05-19 13:40:39.745203916 +0200
./src/GUI/Pack/signalflarePart0F.png|29394|2020-05-19 13:40:39.745203916 +0200
./src/GUI/Pack/tentF.png|15271|2020-05-19 13:58:54.891477711 +0200
./src/GUI/Pack/heart.png|14115|2020-05-19 13:40:39.741870563 +0200
./src/GUI/Pack/R-4-a.png|41492|2020-05-19 13:40:39.738537212 +0200
./src/GUI/Pack/R-1-a.png|41832|2020-05-19 13:40:39.738537212 +0200
./src/GUI/Pack/hypothermia.png|3143|2020-05-19 13:40:39.741870563 +0200
./src/GUI/Pack/froze_in_water.png|2409|2020-05-19 13:40:39.741870563 +0200
./src/GUI/Pack/divingSuitF.png|17192|2020-05-19 13:40:39.741870563 +0200
./src/GUI/Pack/E-5.png|26146|2020-05-19 13:40:39.735203859 +0200
./src/GUI/Pack/E-4-a.png|35169|2020-05-19 13:40:39.735203859 +0200
./src/GUI/Pack/E-1.png|25929|2020-05-19 13:40:39.735203859 +0200
./src/GUI/Pack/fragileShovel.png|15245|2020-05-19 13:40:39.741870563 +0200
./src/GUI/Pack/signalflarePart0T.png|22837|2020-05-19 13:40:39.745203916 +0200
./src/GUI/Pack/shovel.png|13924|2020-05-19 13:40:39.745203916 +0200
./src/GUI/Pack/igloo.png|15323|2020-05-19 13:40:39.741870563 +0200
./src/GUI/Pack/ice.png|62044|2020-05-19 13:39:47.688240355 +0200
./src/GUI/Pack/pickUp.png|3237|2020-05-19 13:40:39.745203916 +0200
./src/GUI/Pack/R-3.png|31155|2020-05-19 13:40:39.738537212 +0200
./src/GUI/Pack/signalflarePart0.png|22837|2020-05-19 13:40:39.745203916 +0200
./src/GUI/Pack/fragileShovelT.png|15245|2020-05-19 13:40:39.741870563 +0200
./src/GUI/Pack/E-3-a.png|34704|2020-05-19 13:40:39.735203859 +0200
./src/GUI/Pack/start.jpg|68626|2020-05-19 13:40:39.748537268 +0200
./src/GUI/Pack/digUp.png|22299|2020-05-19 13:40:39.741870563 +0200
./src/GUI/Pack/shovelT.png|13924|2020-05-19 13:40:39.745203916 +0200
./src/GUI/Pack/workingPoints.png|24776|2020-05-19 13:40:39.748537268 +0200
./src/GUI/Pack/R-2.png|31203|2020-05-19 13:40:39.738537212 +0200
./src/GUI/Pack/R-1.png|31668|2020-05-19 13:40:39.738537212 +0200
./src/GUI/Pack/R-0-a.png|41452|2020-05-19 13:40:39.738537212 +0200
./src/GUI/Pack/divingSuit.png|13120|2020-05-19 13:40:39.741870563 +0200
./src/GUI/Pack/E-1-a.png|34630|2020-05-19 13:40:39.735203859 +0200
./src/GUI/Pack/R-0.png|31226|2020-05-19 13:40:39.738537212 +0200
./src/GUI/Pack/win.png|2634|2020-05-19 13:40:39.748537268 +0200
./src/GUI/Pack/inWater.png|14454|2020-05-19 13:40:39.745203916 +0200
./src/GUI/Pack/E-2.png|26361|2020-05-19 13:40:39.735203859 +0200
./src/GUI/Pack/signalflarePart1.png|7882|2020-05-19 13:40:39.745203916 +0200
./src/GUI/Pack/R-5.png|30434|2020-05-19 13:40:39.741870563 +0200
./src/GUI/Pack/capacity.png|474|2020-05-19 13:40:39.741870563 +0200
./src/GUI/Pack/minus.png|5694|2020-05-19 13:40:39.745203916 +0200
./src/GUI/Pack/foodT.png|18021|2020-05-19 13:40:39.741870563 +0200
./src/GUI/Pack/food.png|18021|2020-05-19 13:40:39.741870563 +0200
./src/GUI/Pack/E-2-a.png|35239|2020-05-19 13:40:39.735203859 +0200
./src/GUI/Pack/E-4.png|26314|2020-05-19 13:40:39.735203859 +0200
./src/GUI/Pack/R-4.png|31380|2020-05-19 13:40:39.738537212 +0200
./src/GUI/Pack/tileSnow.png|1100|2020-05-19 13:40:39.748537268 +0200
./src/GUI/Pack/rope.png|15277|2020-05-19 13:40:39.745203916 +0200
./src/GUI/Pack/E-5-a.png|35163|2020-05-19 13:40:39.735203859 +0200
./src/GUI/Pack/divingSuitT.png|13120|2020-05-19 13:40:39.741870563 +0200
./src/GUI/Pack/shovelF.png|18283|2020-05-19 13:40:39.745203916 +0200
./src/GUI/Pack/plus.png|6717|2020-05-19 13:40:39.745203916 +0200
./src/GUI/Pack/R-5-a.png|40607|2020-05-19 13:40:39.741870563 +0200
./src/GUI/Pack/foodF.png|23465|2020-05-19 13:40:39.741870563 +0200
./src/GUI/Pack/fragileShovelF.png|20415|2020-05-19 13:40:39.741870563 +0200
./src/GUI/Pack/E-3.png|25872|2020-05-19 13:40:39.735203859 +0200
./src/GUI/Pack/ropeT.png|15277|2020-05-19 13:40:39.745203916 +0200
./src/GUI/Pack/P-a.png|38208|2020-05-19 13:40:39.735203859 +0200
./src/GUI/Pack/P.png|28159|2020-05-19 13:40:39.738537212 +0200
./src/GUI/Pack/signalflarePart2T.png|11060|2020-05-19 13:40:39.745203916 +0200
./src/GUI/GameEndPopup.java|673|2020-05-19 13:40:39.731870507 +0200
./src/Control/Game.java|10326|2020-05-19 13:40:39.731870507 +0200
./src/Control/InputAcceptingState.java|145|2020-05-19 13:40:39.731870507 +0200
./src/Control/KeyboardInterpreter.java|8107|2020-05-19 22:41:10.704546858 +0200
./src/Control/CommandInterpreter.java|10847|2020-05-19 13:40:39.731870507 +0200
./src/Main/Main.java|676|2020-05-19 21:11:40.457515215 +0200
./src/SnowStorm/SnowStorm.java|2902|2020-05-19 13:40:39.751870620 +0200
./src/PlayerClasses/PlayerContainer.java|4264|2020-05-19 13:40:39.751870620 +0200
./src/PlayerClasses/Eskimo.java|1552|2020-05-19 13:40:39.751870620 +0200
./src/PlayerClasses/Player.java|12025|2020-05-19 23:45:57.371735685 +0200
./src/PlayerClasses/PolarBear.java|3849|2020-05-19 22:41:10.707880200 +0200
./src/PlayerClasses/Researcher.java|2343|2020-05-19 23:43:27.697871498 +0200
./src/PlayerClasses/IControllable.java|385|2020-05-19 13:39:47.691573707 +0200
./src/JUnitTest/GlobalControllers/PositionLUTTest.java|1586|2020-05-19 13:40:39.748537268 +0200
./src/JUnitTest/PlayerClasses/PlayerContainerTest.java|1103|2020-05-19 13:40:39.751870620 +0200
./src/JUnitTest/ItemClasses/ItemTest.java|793|2020-05-19 13:40:39.748537268 +0200
./src/ItemClasses/Shovel.java|987|2020-05-19 22:41:10.704546858 +0200
./src/ItemClasses/Food.java|1461|2020-05-19 16:21:20.874570919 +0200
./src/ItemClasses/Rope.java|2801|2020-05-19 22:41:10.704546858 +0200
./src/ItemClasses/ItemState.java|288|2020-05-19 13:40:39.748537268 +0200
./src/ItemClasses/Item.java|1706|2020-05-19 22:41:10.704546858 +0200
./src/ItemClasses/FragileShovel.java|1340|2020-05-19 22:41:10.704546858 +0200
./src/ItemClasses/Activity.java|300|2020-05-19 13:39:47.691573707 +0200
./src/ItemClasses/Tent.java|1497|2020-05-19 23:56:23.590768040 +0200
./src/ItemClasses/DivingSuit.java|589|2020-05-19 13:40:39.748537268 +0200
./src/ItemClasses/SignalFlare.java|1913|2020-05-19 13:40:39.748537268 +0200
./src/ItemClasses/SignalFlarePart.java|621|2020-05-19 13:40:39.748537268 +0200
./src/TileClasses/SnowyHole.java|1279|2020-05-19 13:40:39.751870620 +0200
./src/TileClasses/Tile.java|5901|2020-05-19 23:45:57.371735685 +0200
./src/TileClasses/UnstableTile.java|2071|2020-05-19 16:21:13.724546760 +0200
./src/TileClasses/StableTile.java|249|2020-05-19 13:39:47.691573707 +0200
./src/TileClasses/Direction.java|1410|2020-05-19 13:39:47.691573707 +0200
./bugyi/templ_05_nemet.pdf|1078948|2020-05-19 13:39:47.641573419 +0200
./bugyi/06_skeleton_EclipseHowTo.pdf|251744|2020-05-19 13:39:47.614906600 +0200
./bugyi/templ_03_nemet.pdf|1060763|2020-05-19 13:39:47.624906657 +0200
./bugyi/templ_11_nemet.pdf|902379|2020-05-19 13:39:47.678240297 +0200
./bugyi/templ_06_nemet.pdf|309796|2020-05-19 13:39:47.648240124 +0200
./bugyi/detMap.pdf|261873|2020-05-19 13:39:47.621573305 +0200
./bugyi/templ_07_nemet.pdf|1329738|2020-05-19 13:39:47.651573477 +0200
./bugyi/templ_02_nemet.pdf|538789|2020-05-19 13:39:47.621573305 +0200
./bugyi/templ_08_nemet.pdf|818717|2020-05-19 13:39:47.661573534 +0200
./bugyi/templ_09_nemet.pdf|1762407|2020-05-19 13:39:47.664906887 +0200
./bugyi/templ_04_nemet.pdf|1155727|2020-05-19 13:39:47.634906714 +0200
./bugyi/templ_14.pdf|145324|2020-05-19 23:50:59.496189072 +0200
./.gitignore|35|2020-05-19 13:39:47.611573247 +0200
./diagrams/class_diag_proto_part2.puml|2880|2020-05-19 13:39:47.684907002 +0200
./diagrams/class_diagram_kicsi_Spieler.puml|2516|2020-05-19 13:39:47.684907002 +0200
./diagrams/class_diagram_kicsi_nemSpieler.puml|3436|2020-05-19 13:39:47.684907002 +0200
./diagrams/class_diag_proto_part1.puml|2278|2020-05-19 13:39:47.684907002 +0200
./diagrams/informal_forgatokonyvek.txt|5562|2020-05-19 13:39:47.684907002 +0200
./diagrams/class_diagram.puml|5225|2020-05-19 13:39:47.684907002 +0200
./.attach_pid17749|0|2020-05-19 13:39:47.611573247 +0200
./.idea/modules.xml|284|2020-05-19 13:39:47.611573247 +0200
./.idea/misc.xml|272|2020-05-19 21:10:38.153963959 +0200
./.idea/uiDesigner.xml|8792|2020-05-19 13:39:47.611573247 +0200
./.idea/workspace.xml|12841|2020-05-19 13:40:23.388444510 +0200
./.idea/.gitignore|46|2020-05-19 13:39:47.611573247 +0200
./.idea/deutsch-overflow.iml|860|2020-05-19 13:40:39.731870507 +0200
./.idea/vcs.xml|167|2020-05-19 13:39:47.611573247 +0200
./.idea/skeleton.iml|336|2020-05-19 13:39:47.611573247 +0200
./.idea/.name|9|2020-05-19 13:39:47.611573247 +0200
./.classpath|254|2020-05-19 13:39:47.611573247 +0200
